<?xml version="1.0" encoding="UTF-8"?>
<configurationDescriptor version="100">
  <logicalFolder name="root" displayName="root" projectFiles="true" kind="ROOT">
    <logicalFolder name="HeaderFiles"
                   displayName="Header Files"
                   projectFiles="true">
      <itemPath>game.h</itemPath>
      <itemPath>game_core.h</itemPath>
    </logicalFolder>
    <logicalFolder name="ResourceFiles"
                   displayName="Resource Files"
                   projectFiles="true">
    </logicalFolder>
    <logicalFolder name="SourceFiles"
                   displayName="Source Files"
                   projectFiles="true">
      <itemPath>game.c</itemPath>
      <itemPath>game_core.c</itemPath>
      <itemPath>main.c</itemPath>
    </logicalFolder>
    <logicalFolder name="TestFiles"
                   displayName="Test Files"
                   projectFiles="false"
                   kind="TEST_LOGICAL_FOLDER">
      <logicalFolder name="f1"
                     displayName="New C Simple Test"
                     projectFiles="true"
                     kind="TEST">
        <itemPath>tests/newsimpletest.c</itemPath>
      </logicalFolder>
    </logicalFolder>
    <logicalFolder name="ExternalFiles"
                   displayName="Important Files"
                   projectFiles="false"
                   kind="IMPORTANT_FILES_FOLDER">
      <itemPath>Makefile</itemPath>
    </logicalFolder>
  </logicalFolder>
  <projectmakefile>Makefile</projectmakefile>
  <confs>
    <conf name="Debug" type="1">
      <toolsSet>
        <compilerSet>default</compilerSet>
        <dependencyChecking>true</dependencyChecking>
        <rebuildPropChanged>false</rebuildPropChanged>
      </toolsSet>
      <compileType>
        <cTool>
          <standard>3</standard>
        </cTool>
      </compileType>
      <folder path="TestFiles/f1">
        <cTool>
          <incDir>
            <pElem>.</pElem>
          </incDir>
        </cTool>
        <ccTool>
          <incDir>
            <pElem>.</pElem>
          </incDir>
        </ccTool>
        <linkerTool>
          <output>${TESTDIR}/TestFiles/f1</output>
        </linkerTool>
      </folder>
      <item path="game.c" ex="false" tool="0" flavor2="0">
      </item>
      <item path="game.h" ex="false" tool="3" flavor2="0">
      </item>
      <item path="game_core.c" ex="false" tool="0" flavor2="0">
      </item>
      <item path="game_core.h" ex="false" tool="3" flavor2="0">
      </item>
      <item path="main.c" ex="false" tool="0" flavor2="0">
      </item>
      <item path="tests/newsimpletest.c" ex="false" tool="0" flavor2="0">
      </item>
    </conf>
    <conf name="Release" type="1">
      <toolsSet>
        <compilerSet>default</compilerSet>
        <dependencyChecking>true</dependencyChecking>
        <rebuildPropChanged>false</rebuildPropChanged>
      </toolsSet>
      <compileType>
        <cTool>
          <developmentMode>5</developmentMode>
          <standard>3</standard>
        </cTool>
        <ccTool>
          <developmentMode>5</developmentMode>
        </ccTool>
        <fortranCompilerTool>
          <developmentMode>5</developmentMode>
        </fortranCompilerTool>
        <asmTool>
          <developmentMode>5</developmentMode>
        </asmTool>
      </compileType>
      <folder path="TestFiles/f1">
        <cTool>
          <incDir>
            <pElem>.</pElem>
          </incDir>
        </cTool>
        <ccTool>
          <incDir>
            <pElem>.</pElem>
          </incDir>
        </ccTool>
        <linkerTool>
          <output>${TESTDIR}/TestFiles/f1</output>
        </linkerTool>
      </folder>
      <item path="game.c" ex="false" tool="0" flavor2="0">
      </item>
      <item path="game.h" ex="false" tool="3" flavor2="0">
      </item>
      <item path="game_core.c" ex="false" tool="0" flavor2="0">
      </item>
      <item path="game_core.h" ex="false" tool="3" flavor2="0">
      </item>
      <item path="main.c" ex="false" tool="0" flavor2="0">
      </item>
      <item path="tests/newsimpletest.c" ex="false" tool="0" flavor2="0">
      </item>
    </conf>
  </confs>
</configurationDescriptor>
